<?xml version="1.0" encoding="utf-8"?>
<extension type="plugin" version="2.5" method="upgrade" group="hikashoppayment">
	<name>SN_HIKASHOP</name>
	<author>JOOMI.IR IT Group</author>
	<creationDate>August 2015</creationDate>
	<copyright>Copyright (C) 2011-2015 GavickPro. All rights reserved.</copyright>
	<license>GNU General Public License version 2 or later</license>
	<authorEmail>info@joomi.ir</authorEmail>
	<authorUrl>www.joomi.ir</authorUrl>
	<version>1.0.0</version>
	<description>SN_HIKASHOP_DESCRIPTION</description>
	
	<scriptfile>script.php</scriptfile>
	
	<files>
		<filename plugin="sn_hikashop">sn_hikashop.php</filename>
		<filename>sn_hikashop.xml</filename>
		<filename>sn_hikashop_end.php</filename>
		<filename>index.html</filename>
		<filename>script.php</filename>
		<folder>libraries</folder>
	</files>

	<languages>
		<language tag="fa-IR">language/fa-IR/fa-IR.plg_hikashoppayment_sn_hikashop.ini</language>
		<language tag="fa-IR">language/fa-IR/fa-IR.plg_hikashoppayment_sn_hikashop.sys.ini</language>
		<language tag="en-GB">language/en-GB/en-GB.plg_hikashoppayment_sn_hikashop.ini</language>
		<language tag="en-GB">language/en-GB/en-GB.plg_hikashoppayment_sn_hikashop.sys.ini</language>
	</languages>

	<params addpath="/components/com_hikashop/params">
		<param name="pluginoptions" type="pluginoptions" default="plugin" label="hikashop" description="HikaShop options" />
	</params>
	
	<config>
		<fields name="params" addfieldpath="/components/com_hikashop/fields">
			<fieldset name="basic">
				<field id="pluginoptions" name="pluginoptions" type="pluginoptions" label="hikashop" description="HikaShop options" />
            </fieldset>
		</fields>
	</config>
	
</extension>